Mean Concavity,Worst Area,Worst Smoothness,Area SE,Worst Compactness,Worst Fractal Dimension,Mean Compactness,Mean Radius,Worst Perimeter,Radius SE,Fractal Dimension SE,Mean Area,Texture SE,Diagnosis
0.01938,0.5477,0.005682,0.1911,0.006929,0.07722,0.01365,10.26,0.18,12.22,0.2937,0.06569,0.09996,B
0.01619,0.469,0.004731,0.1532,0.005905,0.06915,0.01345,12.89,0.1337,13.12,0.2309,0.05581,0.06955,B
0.01705,0.9306,0.005414,0.3906,0.01334,0.1109,0.02265,13.4,0.2116,20.52,0.3585,0.07325,0.1106,M
0.02632,1.299,0.003629,0.2357,0.01065,0.07247,0.03713,12.96,0.1874,18.29,0.3207,0.05899,0.07351,B
0.01237,1.077,0.004714,0.3897,0.0111,0.09075,0.02015,17.75,0.1713,28.03,0.2972,0.05916,0.09997,M
0.03176,1.48,0.008124,0.8601,0.02765,0.05865,0.03611,20.58,0.1765,22.14,0.2909,0.05024,0.0909,M
0.01172,0.4956,0.00329,0.2054,0.006009,0.09772,0.01395,15.28,0.1727,22.41,0.3175,0.06317,0.09057,M
0.01227,0.4833,0.006432,0.3563,0.005657,0.0681,0.01156,13.78,0.1405,15.79,0.1859,0.05848,0.08817,B
0.01095,0.8339,0.004675,0.3105,0.009222,0.07873,0.0103,15.1,0.1616,22.02,0.2675,0.05684,0.09056,M
0.0297,0.9078,0.007702,0.3833,0.0103,0.05974,0.008491,12.34,0.1571,14.95,0.2298,0.05708,0.08682,B
0.02574,0.9567,0.008968,0.1563,0.005917,0.07409,0.01646,8.196,0.1769,16.84,0.3105,0.06503,0.086,B
0.01884,1.373,0.005884,0.295,0.009366,0.06603,0.01491,13.45,0.1638,18.3,0.2678,0.0571,0.1022,B
0.01537,0.8927,0.003653,0.121,0.003125,0.07087,0.01647,11.32,0.1869,27.08,0.2849,0.05628,0.06883,B
0.03112,1.545,0.006515,1.215,0.0248,0.09789,0.08668,22.27,0.2556,19.67,0.4055,0.07039,0.1326,M
0.02186,1.802,0.01061,0.5243,0.01559,0.07614,0.03252,19.4,0.1978,23.5,0.292,0.06,0.1027,M
0.02676,1.428,0.007189,0.3857,0.0,0.07039,0.00466,7.76,0.1587,24.54,0.2871,0.05884,0.05263,B
0.01551,0.6683,0.005756,0.3028,0.008281,0.06827,0.01665,14.86,0.1573,16.94,0.2525,0.05703,0.08924,B
0.02009,0.9671,0.005883,0.1415,0.006189,0.07083,0.006263,11.13,0.1511,16.62,0.2383,0.06148,0.08151,B
0.03799,4.885,0.001713,0.3539,0.0,0.06559,0.006736,9.72,0.1653,18.22,0.1909,0.06447,0.0695,B
0.0175,0.9429,0.005954,0.1844,0.00851,0.09825,0.03471,9.606,0.2036,16.84,0.2982,0.07125,0.08481,B
0.02538,1.268,0.01439,0.4245,0.002404,0.07697,0.012,10.08,0.1703,15.11,0.2933,0.06048,0.09267,B
0.02639,1.478,0.009853,0.3602,0.01966,0.07188,0.04235,12.56,0.1533,19.07,0.2121,0.06184,0.0876,B
0.03151,1.627,0.006831,0.4681,0.009087,0.06165,0.01427,15.13,0.1852,29.81,0.3233,0.05294,0.0832,M
0.02161,1.127,0.007364,0.3276,0.01264,0.09646,0.03867,10.48,0.1925,14.98,0.302,0.06915,0.09816,B
0.02254,0.8732,0.007962,0.2368,0.008662,0.0641,0.005612,12.78,0.159,16.49,0.2383,0.05653,0.09831,B
0.0187,1.385,0.004775,0.3031,0.01269,0.06956,0.01172,14.74,0.184,25.42,0.2722,0.0568,0.08275,B
0.0388,2.261,0.01286,0.4311,0.0246,0.1162,0.08808,9.904,0.1669,18.06,0.2614,0.08116,0.09699,B
0.02434,1.528,0.00968,0.4751,0.01616,0.1183,0.03856,13.82,0.2275,24.49,0.3651,0.07237,0.1162,M
0.01266,0.4402,0.005501,0.2025,0.0137,0.1178,0.05592,12.89,0.1596,14.11,0.2639,0.06409,0.0876,B
0.01329,0.7574,0.002838,0.25,0.005828,0.07014,0.01592,13.74,0.1473,17.91,0.235,0.0558,0.07944,B
0.01208,1.14,0.005919,0.1639,0.01038,0.07628,0.0327,13.37,0.1422,16.39,0.2048,0.05823,0.07115,B
0.02653,1.511,0.009976,0.5462,0.0158,0.09208,0.05244,14.69,0.2086,13.98,0.2827,0.07406,0.1031,B
0.01853,0.9086,0.005298,0.1942,0.00842,0.06949,0.01587,12.91,0.1829,16.33,0.3024,0.05667,0.07941,B
0.02087,1.336,0.005868,0.346,0.009064,0.06953,0.02099,13.62,0.1664,23.23,0.2642,0.05801,0.09246,B
0.01411,1.317,0.005726,0.4007,0.007671,0.06515,0.01106,17.35,0.1564,23.06,0.2452,0.05307,0.08662,M
0.01391,0.4966,0.004119,0.2318,0.01155,0.08362,0.03207,15.0,0.1881,15.51,0.2954,0.05907,0.08371,B
0.01477,1.14,0.005463,0.3438,0.005398,0.08121,0.01964,11.8,0.1847,17.26,0.2779,0.06019,0.09087,B
0.02207,0.7213,0.006133,0.306,0.01136,0.0781,0.01251,14.53,0.165,13.98,0.2606,0.06121,0.1099,B
0.0187,1.249,0.006739,0.3191,0.01352,0.09031,0.02251,13.71,0.1714,18.68,0.2849,0.06843,0.09916,B
0.01341,1.555,0.005391,0.1916,0.005872,0.07745,0.009947,11.36,0.1601,17.57,0.2973,0.05913,0.08858,B
0.01708,0.5864,0.008261,0.1665,0.0104,0.1017,0.02213,8.726,0.1649,15.83,0.2926,0.07633,0.115,B
0.01875,1.332,0.00677,0.7049,0.01167,0.08158,0.01938,16.11,0.1861,18.05,0.2792,0.06248,0.09721,M
0.01617,1.045,0.007974,0.7923,0.01573,0.09445,0.03214,18.49,0.1832,17.52,0.251,0.06697,0.1012,M
0.01486,1.377,0.008805,0.5835,0.01448,0.1151,0.03029,13.71,0.2196,20.83,0.3196,0.07451,0.1189,M
0.02068,1.079,0.007138,0.2542,0.01162,0.1023,0.04653,14.47,0.1872,24.99,0.3187,0.06341,0.08837,B
0.0198,0.7886,0.008462,0.2699,0.01315,0.07259,0.0146,13.54,0.1885,14.36,0.2977,0.05766,0.09779,B
0.01792,0.6583,0.005393,0.4209,0.0132,0.101,0.02321,15.46,0.1966,11.89,0.3216,0.07069,0.1257,M
0.02669,1.798,0.006011,0.4993,0.01341,0.08151,0.0448,12.85,0.158,21.37,0.2488,0.06114,0.07551,B
0.01852,1.193,0.006458,0.7275,0.01538,0.08294,0.02306,19.21,0.1917,18.57,0.3537,0.05961,0.1053,M
0.01536,0.781,0.003796,0.1532,0.007096,0.07661,0.01371,12.47,0.1526,17.31,0.3035,0.06046,0.08928,B
0.0274,1.04,0.00653,0.3642,0.01403,0.07764,0.03369,12.46,0.1781,19.89,0.2685,0.06249,0.08451,B
0.03004,1.304,0.009579,0.3163,0.0,0.06592,0.01104,10.86,0.1661,21.48,0.2458,0.05948,0.07431,B
0.03416,1.974,0.006538,0.2656,0.009924,0.06994,0.01395,11.37,0.2013,18.89,0.3267,0.05955,0.08713,B
0.0193,0.828,0.007571,0.3283,0.01463,0.05737,0.01114,18.81,0.155,19.98,0.2567,0.04996,0.08923,M
0.01641,1.353,0.004455,0.2338,0.01184,0.06917,0.01382,13.49,0.1809,22.3,0.2871,0.05718,0.08752,B
0.02383,0.8301,0.01164,0.2152,0.009623,0.08178,0.0104,9.567,0.1551,15.91,0.2757,0.06403,0.08464,B
0.02308,0.976,0.008029,1.046,0.02397,0.1059,0.03799,17.14,0.304,16.4,0.4066,0.07413,0.1186,M
0.01191,0.6881,0.004259,0.1855,0.004168,0.09158,0.01469,11.06,0.1535,14.83,0.259,0.06214,0.07741,B
0.01494,0.9115,0.005031,0.316,0.006324,0.05695,0.006021,14.61,0.1632,15.69,0.253,0.05255,0.07618,B
0.02105,1.479,0.01547,0.2196,0.01364,0.1066,0.06457,7.691,0.2037,25.44,0.279,0.07751,0.08668,B
0.05333,1.666,0.006548,0.9811,0.02638,0.1038,0.1006,19.07,0.231,24.81,0.467,0.06343,0.09081,M
0.01943,0.5066,0.00423,0.1705,0.006335,0.07701,0.01587,13.69,0.1872,16.07,0.3323,0.05669,0.08302,B
0.01435,1.001,0.007392,0.6361,0.01293,0.0972,0.02449,19.16,0.1902,26.6,0.3258,0.0622,0.102,M
0.01897,1.186,0.006804,0.9553,0.01712,0.08255,0.03169,19.8,0.2094,21.56,0.307,0.05581,0.09383,M
0.01894,1.059,0.006652,0.3278,0.007807,0.07638,0.02652,11.46,0.1411,18.16,0.2208,0.06243,0.08853,B
0.01982,1.152,0.00718,0.243,0.005495,0.08083,0.01096,12.06,0.1555,18.9,0.288,0.06048,0.08386,B
0.02769,0.7927,0.008584,0.271,0.009536,0.08633,0.02017,13.15,0.1822,15.34,0.3849,0.06207,0.09384,B
0.01323,1.005,0.004088,0.231,0.00688,0.079,0.01174,13.61,0.1761,24.69,0.347,0.0613,0.09258,M
0.02277,1.023,0.01027,0.1144,0.01097,0.09479,0.03084,10.26,0.1669,16.58,0.2691,0.06714,0.08877,B
0.03759,1.879,0.01094,0.3013,0.01282,0.07393,0.01834,9.333,0.1692,21.94,0.2435,0.06576,0.0924,B
0.0222,1.03,0.01262,0.1779,0.01285,0.1168,0.02348,11.06,0.1954,17.12,0.278,0.07976,0.1194,B
0.03265,1.925,0.008713,0.3309,0.0,0.06164,0.01017,10.66,0.1928,15.15,0.271,0.05975,0.08792,B
0.02273,1.03,0.005551,0.4825,0.01044,0.1402,0.03414,11.84,0.2301,18.7,0.4761,0.07799,0.1109,M
0.02287,1.86,0.01188,0.3336,0.01544,0.09026,0.03747,10.51,0.1922,20.19,0.2383,0.07782,0.1122,B
0.02057,0.9505,0.006809,0.21,0.006474,0.06888,0.009514,12.67,0.1707,17.3,0.2688,0.05984,0.1028,B
0.03082,1.805,0.01496,0.2073,0.01583,0.07313,0.02121,11.08,0.1566,14.71,0.1902,0.06669,0.1006,B
0.0188,1.031,0.005296,0.1642,0.00696,0.07287,0.01903,11.04,0.2003,14.93,0.3202,0.06246,0.07987,B
0.03433,2.2,0.007357,0.3778,0.0112,0.05932,0.01079,12.43,0.1472,17.0,0.1901,0.05561,0.07557,B
0.01817,1.15,0.003659,0.4226,0.01272,0.1094,0.02855,14.71,0.2027,21.59,0.3698,0.06758,0.1137,M
0.01959,1.636,0.005415,0.2323,0.01183,0.06599,0.01371,14.87,0.1487,20.21,0.2369,0.05748,0.09587,B
0.01468,0.9017,0.006048,0.8068,0.0113,0.09564,0.01882,16.65,0.1995,21.38,0.3613,0.0633,0.1121,M
0.01689,1.073,0.007026,0.5692,0.01297,0.1142,0.02501,16.13,0.2164,20.68,0.3706,0.07356,0.117,M
0.02593,1.219,0.005518,0.2345,0.00633,0.07062,0.02178,12.87,0.201,16.21,0.3604,0.05769,0.09425,B
0.02279,2.011,0.01052,0.2351,0.009333,0.09211,0.01755,9.465,0.1717,21.01,0.2878,0.06899,0.1044,B
0.01924,1.352,0.005687,1.167,0.01561,0.08858,0.0496,21.75,0.1721,20.99,0.2833,0.06194,0.09401,M
0.02086,1.473,0.007802,0.3237,0.005564,0.07429,0.02052,13.16,0.1713,20.54,0.2687,0.05888,0.07335,B
0.02941,1.027,0.003478,0.1753,0.009393,0.06643,0.01221,10.91,0.1449,12.35,0.2143,0.06031,0.08518,B
0.01608,1.139,0.005096,0.2239,0.004551,0.08203,0.01205,12.25,0.1544,22.44,0.31,0.05976,0.08192,B
0.01805,1.003,0.007509,0.3834,0.009199,0.08557,0.01561,12.75,0.212,16.7,0.3071,0.06623,0.1125,B
0.01539,0.6237,0.004953,0.4165,0.008648,0.07048,0.01812,14.58,0.1739,13.66,0.2626,0.0564,0.09832,B
0.03141,3.647,0.007339,0.4455,0.0,0.06743,0.008243,12.27,0.1701,29.97,0.2409,0.0596,0.07699,B
0.01454,1.19,0.004911,0.2194,0.005161,0.07729,0.01666,12.16,0.1464,18.03,0.2406,0.06284,0.09087,B
0.01451,1.851,0.006113,0.2027,0.01276,0.08351,0.02583,14.27,0.1926,22.55,0.2698,0.05982,0.1038,M
0.01498,0.9644,0.00925,0.4768,0.01851,0.08234,0.03715,15.06,0.1855,19.83,0.2834,0.06284,0.1039,M
0.01575,1.481,0.004631,0.8361,0.01241,0.08082,0.02537,27.22,0.18,21.87,0.2856,0.0577,0.1094,M
0.01639,0.6412,0.005231,0.1814,0.007315,0.1009,0.02305,12.99,0.1652,14.23,0.2432,0.07238,0.09462,B
0.01069,1.153,0.004481,0.4057,0.01082,0.06206,0.01038,13.27,0.1386,14.76,0.2027,0.05318,0.07355,B
0.01083,1.127,0.004728,0.6917,0.01038,0.07526,0.01259,21.16,0.1769,23.04,0.2822,0.05278,0.09428,M
0.0149,1.047,0.006298,0.272,0.009061,0.08492,0.02172,13.87,0.162,20.7,0.2249,0.06688,0.09578,B
0.01544,1.363,0.005638,0.2543,0.006042,0.07113,0.007939,13.87,0.1424,16.21,0.2362,0.05883,0.08743,B
0.02193,0.6863,0.004536,0.5925,0.01247,0.05933,0.01376,20.16,0.1928,19.66,0.3055,0.05096,0.0802,M
0.01344,1.166,0.003741,0.258,0.005044,0.06263,0.005274,13.59,0.1573,17.84,0.2335,0.0552,0.07948,B
0.02165,0.8902,0.00751,0.3345,0.01137,0.1244,0.03345,12.45,0.2087,15.7,0.3985,0.07613,0.1278,M
0.02384,0.9789,0.01835,0.3132,0.02308,0.07722,0.0676,8.95,0.1305,15.76,0.1652,0.07163,0.09462,B
0.02428,0.6633,0.006294,0.6289,0.01695,0.09185,0.03994,18.65,0.1907,17.6,0.3799,0.06049,0.1099,M
0.01371,0.4336,0.004133,0.2102,0.006659,0.08718,0.01695,13.65,0.136,13.16,0.238,0.06344,0.09646,B
0.01013,0.9988,0.002826,0.2298,0.005174,0.06829,0.009105,15.61,0.1547,19.38,0.2683,0.05443,0.0784,M
0.01755,0.7615,0.009191,0.1707,0.006315,0.08763,0.008548,11.47,0.1634,16.03,0.2851,0.06372,0.09076,B
0.01873,0.7706,0.004577,0.3491,0.01243,0.08764,0.03053,14.42,0.1912,16.54,0.3053,0.06412,0.09751,B
0.0141,1.24,0.005718,0.4727,0.01109,0.08216,0.01162,14.68,0.1586,20.13,0.3029,0.05922,0.09867,M
0.01428,0.7294,0.005488,0.2636,0.00566,0.08301,0.01427,12.05,0.1675,14.63,0.2747,0.06043,0.1031,B
0.02203,1.363,0.00744,0.2957,0.009615,0.0792,0.01123,9.683,0.158,19.34,0.2552,0.06235,0.08491,B
0.01516,1.376,0.008565,0.2574,0.01768,0.09532,0.04638,10.97,0.1489,17.2,0.254,0.0664,0.08915,B
0.05963,1.156,0.00911,0.4956,0.01867,0.173,0.07458,11.42,0.2597,20.38,0.6638,0.09744,0.1425,M
0.02801,1.095,0.009702,0.2577,0.01161,0.07538,0.01567,12.54,0.1943,16.32,0.3155,0.06612,0.1158,B
0.01829,2.129,0.006455,0.8161,0.01744,0.07599,0.01797,17.06,0.1727,21.0,0.2623,0.06071,0.1119,M
0.02266,0.8121,0.007089,0.522,0.01286,0.06072,0.01428,14.34,0.2075,13.47,0.3062,0.05448,0.09906,B
0.01454,0.9832,0.004452,0.2545,0.01352,0.1275,0.03055,14.58,0.2252,21.53,0.4264,0.06924,0.1054,M
0.02406,1.21,0.005857,0.4062,0.007445,0.06563,0.009758,11.76,0.1495,21.6,0.2433,0.05888,0.08637,B
0.0168,1.069,0.006983,0.3061,0.01499,0.1243,0.03858,12.83,0.2123,22.33,0.3407,0.07254,0.1088,M
0.02671,2.342,0.004352,0.1839,0.01164,0.06169,0.004899,13.03,0.1467,18.42,0.1987,0.05863,0.08983,B
0.0152,2.06,0.003443,0.4789,0.0111,0.05972,0.02661,16.84,0.1844,19.46,0.2527,0.05268,0.07445,B
0.01341,1.041,0.007959,0.6874,0.01671,0.07127,0.03133,20.48,0.1467,21.46,0.2238,0.05177,0.08355,M
0.01724,1.597,0.004973,0.2351,0.009117,0.06443,0.01372,13.21,0.1628,28.06,0.2473,0.05781,0.08671,B
0.02711,0.7873,0.009172,0.2204,0.0,0.07848,0.008007,8.671,0.1722,14.45,0.2592,0.06724,0.09138,B
0.02354,1.554,0.006854,0.256,0.01553,0.09952,0.06063,11.87,0.1349,21.54,0.2305,0.06612,0.06613,B
0.01731,0.6594,0.006494,0.3265,0.01069,0.08253,0.02768,12.76,0.1601,13.37,0.2564,0.0614,0.08794,B
0.02545,0.9622,0.008081,0.2796,0.01883,0.08701,0.05122,14.86,0.1737,23.21,0.3,0.06672,0.1044,M
0.01759,0.6332,0.005704,0.2324,0.01032,0.1033,0.02502,12.65,0.1641,18.17,0.323,0.06854,0.1076,B
0.02183,0.9429,0.009282,0.2727,0.008965,0.06641,0.009216,11.31,0.1516,19.04,0.24,0.05667,0.08139,B
0.01872,1.39,0.006719,0.2742,0.01633,0.09981,0.05156,11.94,0.1588,20.76,0.2465,0.06766,0.08605,B
0.01145,1.41,0.006174,1.088,0.01569,0.093,0.03634,17.47,0.1538,24.68,0.216,0.06365,0.1049,M
0.01522,0.948,0.005332,0.2877,0.01187,0.08472,0.02115,14.96,0.1879,19.1,0.2962,0.05852,0.08992,B
0.02124,0.7656,0.006709,0.1816,0.007497,0.07863,0.01701,11.6,0.1516,18.36,0.321,0.05859,0.08508,B
0.01878,1.809,0.009098,0.4053,0.01321,0.1205,0.03845,12.34,0.1943,26.86,0.3215,0.06937,0.1034,M
0.03546,2.664,0.01097,0.8245,0.05279,0.1259,0.09586,9.731,0.2548,15.34,0.3108,0.09296,0.1072,B
0.01219,1.067,0.01038,0.3305,0.02047,0.1043,0.06669,11.27,0.181,15.5,0.2157,0.07252,0.08365,B
0.02736,1.743,0.007964,1.072,0.01936,0.09469,0.04732,20.09,0.2249,23.86,0.3294,0.07469,0.108,M
0.01171,0.6549,0.004837,0.2142,0.01076,0.0671,0.009238,14.02,0.1589,15.66,0.2136,0.05586,0.07966,B
0.03464,1.143,0.01017,0.2868,0.0125,0.06777,0.01443,10.51,0.1695,23.09,0.2227,0.06556,0.1015,B
0.01609,1.222,0.009058,0.1803,0.01112,0.0849,0.02196,9.876,0.1945,19.4,0.2622,0.06322,0.1005,B
0.01868,1.44,0.007278,0.2864,0.008799,0.08284,0.02047,11.57,0.2031,19.04,0.3035,0.06267,0.08546,B
0.01386,1.025,0.004854,0.2505,0.007965,0.07609,0.01819,12.31,0.172,16.52,0.2618,0.05914,0.09172,B
0.01581,0.895,0.00398,0.2244,0.01274,0.08839,0.02809,13.66,0.1848,19.13,0.2744,0.06181,0.09057,B
0.0156,0.967,0.007086,0.2104,0.005495,0.07399,0.007247,10.32,0.1885,16.35,0.2681,0.06201,0.09434,B
0.05014,1.214,0.004024,0.5506,0.009863,0.06111,0.008422,17.95,0.2129,20.01,0.4882,0.05025,0.08402,M
0.01921,0.8309,0.004405,0.2666,0.01087,0.08824,0.03026,12.21,0.1646,14.09,0.2677,0.06154,0.08108,B
0.01938,0.7786,0.005833,0.2527,0.007087,0.0747,0.01388,12.21,0.1695,18.02,0.3218,0.05916,0.09231,B
0.02223,0.7693,0.00591,0.3665,0.006502,0.07735,0.01362,12.87,0.1861,19.54,0.3313,0.06347,0.09136,B
0.01961,0.5679,0.002667,0.2473,0.005297,0.07623,0.01446,16.69,0.1846,20.2,0.4677,0.05325,0.07497,M
0.01977,0.5996,0.005343,0.2113,0.005051,0.06037,0.005767,12.18,0.1673,14.08,0.2293,0.05649,0.07734,B
0.03197,1.022,0.005635,0.4312,0.01656,0.09614,0.03917,16.35,0.2175,23.29,0.4824,0.06218,0.09742,M
0.01694,1.439,0.007257,0.3389,0.01033,0.06469,0.01805,16.5,0.1495,18.29,0.2394,0.05593,0.09686,B
0.02047,2.643,0.007517,0.6061,0.01183,0.06639,0.01555,12.04,0.1854,28.14,0.2404,0.05698,0.08752,B
0.021,2.015,0.007803,0.2619,0.008043,0.07664,0.01449,10.05,0.189,17.53,0.2894,0.06331,0.1007,B
0.02028,1.019,0.005878,0.286,0.01161,0.1014,0.02995,14.25,0.1885,21.72,0.3591,0.06125,0.09823,M
0.0158,1.343,0.01127,0.3384,0.01965,0.06784,0.03498,11.28,0.1771,13.39,0.2102,0.06072,0.1164,B
0.01394,0.8568,0.004757,0.3093,0.01262,0.08113,0.01503,17.3,0.1813,17.08,0.3138,0.05613,0.1008,M
0.01117,1.216,0.006666,0.5904,0.01479,0.08999,0.02791,20.59,0.1848,21.24,0.248,0.06222,0.1085,M
0.0209,0.5796,0.01011,0.1559,0.005742,0.09026,0.01055,8.618,0.1683,11.79,0.322,0.07187,0.09752,B
0.02144,1.803,0.01291,0.3424,0.02295,0.08486,0.04042,12.63,0.1735,20.76,0.2226,0.0707,0.09933,B
0.01536,1.232,0.006697,0.4375,0.01392,0.082,0.02083,16.27,0.1948,20.71,0.3103,0.06277,0.1169,M
0.02043,0.9527,0.005783,0.3511,0.003617,0.05521,0.004693,12.54,0.1528,18.07,0.2233,0.05185,0.07436,B
0.02747,1.633,0.006717,0.8348,0.02149,0.07484,0.05981,17.29,0.2108,22.13,0.3067,0.05464,0.08999,M
0.01295,0.5906,0.004117,0.2986,0.009753,0.08225,0.0156,18.03,0.172,16.85,0.2842,0.0578,0.08947,M
0.01575,2.105,0.005596,0.645,0.01432,0.06915,0.01005,11.76,0.1619,18.14,0.1978,0.06287,0.09968,M
0.02951,1.322,0.007017,0.4202,0.01153,0.06435,0.01142,13.0,0.254,20.78,0.3196,0.06087,0.1135,B
0.03504,1.197,0.00747,0.4505,0.01365,0.07587,0.03581,10.6,0.1922,18.95,0.294,0.06491,0.09688,B
0.01807,1.74,0.01459,0.4101,0.01841,0.0927,0.03206,11.62,0.1957,18.18,0.266,0.07255,0.1175,B
0.007882,2.188,0.006883,1.214,0.01917,0.05504,0.01094,14.99,0.1565,25.2,0.1565,0.05504,0.09387,M
0.02258,1.203,0.009895,0.2747,0.009276,0.07351,0.03053,11.89,0.2019,21.17,0.3075,0.0629,0.09773,B
0.02701,1.305,0.007389,0.1746,0.003472,0.07804,0.004883,9.0,0.1788,14.4,0.2991,0.06833,0.07005,B
0.01415,1.073,0.005524,0.4357,0.01221,0.09221,0.03698,19.18,0.1767,22.49,0.3193,0.05529,0.08523,M
0.03491,1.911,0.009845,0.4653,0.02527,0.1055,0.0659,9.042,0.233,18.9,0.3135,0.08743,0.09968,B
0.05628,1.426,0.005427,0.3197,0.01843,0.103,0.03633,11.8,0.2678,16.58,0.5774,0.07371,0.1091,M
0.01062,0.9264,0.003704,0.3316,0.006275,0.07603,0.01082,13.9,0.1579,19.24,0.2356,0.05594,0.07991,B
0.03356,1.909,0.00579,0.422,0.01527,0.09218,0.04877,14.95,0.1744,18.77,0.2852,0.06493,0.08138,B
0.01442,1.15,0.004942,0.1689,0.005179,0.07061,0.01203,13.46,0.1421,28.21,0.2694,0.05763,0.07517,B
0.02335,0.8509,0.006369,0.9948,0.01508,0.08815,0.04243,25.73,0.1956,17.46,0.369,0.06121,0.1149,M
0.0191,0.857,0.003818,0.2929,0.012,0.08006,0.01276,14.5,0.1856,10.89,0.2889,0.06402,0.1101,B
0.01879,0.9004,0.004989,0.9915,0.01597,0.09671,0.03212,24.63,0.1991,21.6,0.3157,0.06739,0.103,M
0.0222,1.511,0.005433,0.3661,0.01519,0.07376,0.01179,12.18,0.19,17.84,0.2227,0.06635,0.1045,B
0.02104,0.7712,0.005324,0.2143,0.007584,0.08118,0.01563,12.9,0.1778,15.92,0.3549,0.06235,0.08677,B
0.01226,0.8561,0.00486,0.5366,0.01374,0.08496,0.02785,17.46,0.1809,39.28,0.2853,0.05966,0.09812,M
0.01717,1.408,0.005288,0.5659,0.01176,0.09009,0.02833,19.44,0.1823,18.82,0.3266,0.06115,0.1089,M
0.01801,2.043,0.01113,0.335,0.00525,0.08988,0.01463,9.787,0.135,19.94,0.1934,0.0689,0.1024,B
0.01333,0.8073,0.005403,0.2575,0.005142,0.07961,0.01418,12.2,0.1638,15.21,0.2661,0.06129,0.08673,B
0.02816,1.736,0.004938,0.8336,0.01699,0.06386,0.03089,20.47,0.2166,20.67,0.322,0.05419,0.09156,M
0.01792,1.238,0.007595,0.207,0.008578,0.07007,0.015,11.85,0.1875,17.46,0.3101,0.05715,0.08372,B
0.02451,1.001,0.009087,0.4331,0.0191,0.08075,0.02715,20.18,0.1724,19.54,0.3032,0.06053,0.1133,M
0.04547,3.12,0.02333,1.509,0.01822,0.08009,0.09806,24.25,0.2655,20.2,0.3222,0.06877,0.1447,M
0.02165,1.108,0.007356,0.3344,0.01712,0.07427,0.03728,11.41,0.1167,14.92,0.1811,0.06217,0.09059,B
0.02175,1.56,0.009327,0.5539,0.02465,0.08762,0.05121,23.29,0.22,26.67,0.3198,0.06229,0.1141,M
0.02768,1.023,0.005485,0.5702,0.01369,0.1024,0.02431,20.34,0.2569,21.51,0.5558,0.0667,0.117,M
0.01962,1.601,0.006261,0.163,0.005383,0.07198,0.01569,13.2,0.1487,17.43,0.2767,0.05635,0.07215,B
0.01934,0.489,0.00451,0.1745,0.01196,0.0896,0.01812,16.17,0.199,16.07,0.3153,0.06572,0.0988,B
0.01445,0.9168,0.006208,0.5781,0.01461,0.06735,0.01906,20.44,0.1618,21.78,0.2609,0.05557,0.0915,M
0.02383,1.931,0.008074,0.8191,0.01834,0.08314,0.04088,18.82,0.1943,21.97,0.3007,0.06132,0.1018,M
0.01263,1.051,0.005568,1.207,0.01197,0.06494,0.01112,21.71,0.1717,17.25,0.251,0.05054,0.09384,M
0.03232,1.207,0.007234,0.3921,0.02721,0.1034,0.07471,12.45,0.2082,16.41,0.3231,0.07325,0.09514,B
0.02734,1.05,0.0058,0.361,0.01052,0.0759,0.02417,11.95,0.2459,14.96,0.3124,0.06581,0.1158,B
0.01247,0.8561,0.004599,0.2185,0.004814,0.07182,0.009169,13.85,0.1614,17.21,0.2364,0.0589,0.08785,B
0.01647,0.4125,0.005012,0.1783,0.009155,0.06766,0.01485,15.19,0.1721,13.21,0.2487,0.05544,0.07963,B
0.01772,0.9209,0.004766,0.3473,0.008637,0.1064,0.02374,15.75,0.1935,20.25,0.3993,0.06303,0.1025,M
0.02348,0.8225,0.007416,0.1601,0.0101,0.0908,0.01877,11.06,0.1776,14.96,0.3301,0.06907,0.1033,B
0.02674,1.593,0.003899,0.8337,0.009222,0.07987,0.02961,18.22,0.2092,18.7,0.3021,0.0631,0.1148,M
0.01332,1.321,0.005539,0.7392,0.01078,0.07568,0.02644,19.53,0.1428,32.47,0.2713,0.05313,0.0842,M
0.01578,1.199,0.005033,0.4953,0.01043,0.08465,0.03179,19.79,0.2202,25.12,0.3305,0.06113,0.1015,M
0.01152,1.198,0.004952,0.386,0.009423,0.06954,0.0163,15.05,0.1561,19.07,0.2282,0.05915,0.09215,M
0.03102,0.8092,0.005541,0.4222,0.01471,0.07018,0.03387,11.14,0.169,14.07,0.2576,0.06083,0.07274,B
0.0187,0.905,0.002887,0.1458,0.007308,0.07834,0.01285,12.94,0.1735,16.17,0.3297,0.062,0.09879,B
0.01526,0.8135,0.004929,0.281,0.01368,0.1249,0.06657,13.24,0.1601,20.13,0.2845,0.06432,0.08284,B
0.0286,1.51,0.007807,0.3106,0.01876,0.08317,0.03932,13.05,0.2035,18.59,0.3113,0.06501,0.1082,B
0.02014,1.678,0.005836,0.3419,0.007039,0.06911,0.01095,13.85,0.1555,19.6,0.2513,0.05673,0.08684,B
0.01829,1.539,0.005498,0.2621,0.006399,0.06658,0.02045,13.3,0.1815,21.57,0.2637,0.05696,0.08582,B
0.01374,0.6931,0.006064,0.1807,0.007978,0.06922,0.0118,12.72,0.1638,13.78,0.2369,0.061,0.09667,B
0.01745,1.705,0.007334,0.1912,0.009166,0.08194,0.02589,12.0,0.1615,28.23,0.2447,0.06104,0.08437,B
0.01641,1.375,0.0119,0.4674,0.01499,0.06091,0.01929,19.59,0.1663,25.0,0.2293,0.05391,0.1032,M
0.01276,0.6575,0.006211,0.6137,0.01232,0.07055,0.01895,20.64,0.1571,17.35,0.2689,0.05478,0.09446,M
0.02566,1.49,0.005298,0.3628,0.02292,0.1082,0.07446,14.26,0.1704,19.65,0.2398,0.07769,0.07837,B
0.01065,0.9899,0.008534,0.2889,0.007408,0.07319,0.006364,12.81,0.1466,13.06,0.1783,0.06133,0.08739,B
0.02045,1.152,0.00874,0.9291,0.01458,0.0906,0.02219,17.08,0.1793,27.15,0.301,0.06281,0.09898,M
0.03044,2.878,0.01474,0.4302,0.008674,0.08304,0.01674,9.405,0.2025,21.7,0.2872,0.06601,0.1044,B
0.02079,1.743,0.009519,0.3796,0.01155,0.07732,0.02134,10.94,0.1486,18.59,0.2251,0.06615,0.1004,B
0.06146,2.777,0.02075,0.3368,0.0,0.08116,0.01403,8.597,0.2163,18.6,0.3142,0.07359,0.1074,B
0.02309,1.962,0.01243,0.1935,0.01022,0.1486,0.05416,8.219,0.2222,20.7,0.3322,0.08261,0.09405,B
0.01717,2.542,0.01072,0.1818,0.01111,0.06736,0.01331,10.57,0.2372,18.32,0.2699,0.05768,0.08142,B
0.01298,1.189,0.00502,0.524,0.01091,0.08328,0.02062,20.51,0.1448,27.81,0.2437,0.05592,0.09159,M
0.01344,0.5735,0.003632,0.1903,0.002386,0.08385,0.007861,13.2,0.1632,15.82,0.2651,0.05894,0.08511,B
0.01838,0.873,0.006715,0.2608,0.01051,0.1118,0.03705,12.39,0.1779,17.48,0.2819,0.06588,0.1042,B
0.01956,0.8561,0.00491,0.6642,0.01623,0.09187,0.02544,23.27,0.1801,22.04,0.3589,0.05553,0.08439,M
0.01275,0.5503,0.004821,0.4041,0.01143,0.08198,0.01659,18.22,0.1807,18.87,0.2812,0.05664,0.09746,M
0.01359,2.508,0.006578,0.4489,0.01307,0.07343,0.0138,11.71,0.1339,16.67,0.1712,0.05945,0.1051,B
0.0214,1.305,0.00553,0.6362,0.01444,0.06558,0.05296,18.08,0.177,21.84,0.2369,0.0534,0.07371,M
0.02005,1.046,0.007976,0.3892,0.009046,0.07234,0.01295,14.04,0.1714,15.98,0.2725,0.05898,0.08458,B
0.02337,2.454,0.01236,1.292,0.03024,0.1019,0.05995,15.66,0.2495,23.2,0.3277,0.08104,0.1109,M
0.01916,1.647,0.004359,0.2239,0.003419,0.07307,0.006813,11.22,0.1845,33.81,0.2911,0.05828,0.0778,B
0.01278,0.9227,0.007803,0.3118,0.007711,0.08541,0.02507,11.93,0.1688,21.53,0.2438,0.06194,0.09768,B
0.01344,0.4607,0.00604,0.1408,0.00646,0.08523,0.01529,11.41,0.1667,10.82,0.3016,0.06113,0.09373,B
0.0194,0.8836,0.007337,0.2954,0.005623,0.06025,0.01174,12.72,0.1459,17.67,0.2165,0.05544,0.07896,B
0.01617,1.231,0.008499,0.1115,0.02919,0.12,0.07643,10.57,0.2188,20.22,0.2597,0.0845,0.09073,B
0.01482,0.8907,0.006032,0.2927,0.009057,0.07623,0.01104,13.27,0.1496,17.02,0.2506,0.05674,0.08445,B
0.02897,1.288,0.007997,0.7548,0.01648,0.07625,0.027,18.01,0.2116,20.56,0.3251,0.06077,0.1001,M
0.01951,1.182,0.005515,0.1186,0.005128,0.09206,0.02674,9.397,0.1274,21.68,0.2376,0.06724,0.07969,B
0.02163,0.3981,0.004732,0.3428,0.01067,0.08187,0.01506,14.76,0.1521,14.74,0.3109,0.05912,0.08875,B
0.0203,1.342,0.004428,0.6896,0.01361,0.06541,0.02731,19.0,0.1946,18.91,0.2841,0.05044,0.08217,M
0.01488,2.904,0.0082,0.2388,0.01267,0.08732,0.02982,11.51,0.1388,23.93,0.2112,0.0657,0.09261,B
0.02571,1.35,0.006383,0.2719,0.002924,0.06431,0.008008,12.58,0.1697,18.4,0.2505,0.05855,0.08393,B
0.01824,1.216,0.008732,0.2498,0.006801,0.09209,0.02042,9.847,0.1387,15.68,0.2502,0.06891,0.09492,B
0.02632,1.39,0.02177,0.2744,0.0145,0.1364,0.04888,9.676,0.2057,13.14,0.2848,0.09575,0.1255,B
0.01251,0.8944,0.003457,0.1199,0.005558,0.07185,0.01047,12.36,0.1602,18.54,0.2983,0.06066,0.08477,B
0.02475,2.426,0.009861,0.3135,0.009215,0.0722,0.02418,11.63,0.1799,29.29,0.2884,0.06166,0.09357,B
0.01591,0.7747,0.007159,0.403,0.01051,0.1198,0.03718,17.91,0.2113,21.02,0.3245,0.07115,0.123,M
0.01669,0.8155,0.005217,0.3117,0.01268,0.07071,0.01515,15.71,0.1816,13.93,0.2723,0.05723,0.09462,B
0.02254,0.6221,0.004796,0.2204,0.006897,0.07285,0.01171,14.8,0.1893,17.66,0.36,0.05886,0.09179,B
0.01113,0.6123,0.00335,0.1938,0.006853,0.09618,0.01384,13.17,0.1746,21.81,0.3693,0.06177,0.09714,M
0.0135,1.217,0.00508,0.2713,0.009073,0.06428,0.0137,14.97,0.178,16.95,0.2404,0.0565,0.09855,B
0.019,1.281,0.006703,0.3577,0.01184,0.08911,0.0231,14.78,0.1953,23.94,0.3321,0.06654,0.1172,M
0.01388,0.9173,0.004563,0.2873,0.01209,0.1063,0.03481,16.24,0.1876,18.77,0.277,0.06684,0.1066,M
0.0237,1.475,0.006471,0.6997,0.0142,0.08579,0.01649,18.46,0.2132,18.52,0.3695,0.06022,0.09874,M
0.01995,1.642,0.006663,0.2428,0.01314,0.1297,0.05914,11.3,0.2054,18.19,0.3308,0.07669,0.09592,B
0.01069,0.4757,0.002866,0.2577,0.006719,0.06938,0.009181,18.31,0.1621,18.58,0.3206,0.05425,0.08588,M
0.01148,0.4334,0.003271,0.2446,0.008399,0.08273,0.0177,14.92,0.1687,14.93,0.2688,0.05669,0.08098,B
0.01637,0.7614,0.006142,0.2818,0.003576,0.07685,0.006134,10.9,0.1442,12.96,0.2738,0.05743,0.07515,B
0.04484,3.568,0.003139,0.9555,0.0409,0.1023,0.08297,19.17,0.2397,24.8,0.3176,0.078,0.0974,M
0.02789,0.9197,0.005776,0.4615,0.01195,0.08633,0.02499,16.74,0.1896,21.59,0.4863,0.05656,0.0961,M
0.01768,1.012,0.005233,0.439,0.01083,0.09876,0.03057,15.3,0.1926,25.27,0.4027,0.0654,0.1082,M
0.01924,0.6656,0.008045,0.236,0.01241,0.06771,0.0118,12.32,0.1959,12.39,0.2827,0.05955,0.1028,B
0.02282,1.908,0.006664,0.2843,0.00952,0.08096,0.01735,11.43,0.1645,17.31,0.2584,0.06562,0.1092,B
0.02152,1.154,0.008998,0.3713,0.01167,0.08024,0.01292,11.68,0.1853,16.17,0.2804,0.06401,0.1128,B
0.02694,1.678,0.006908,0.2865,0.006159,0.07123,0.009442,11.16,0.1615,21.41,0.2976,0.06144,0.1018,B
0.01394,1.354,0.004147,0.2535,0.008848,0.07463,0.02048,14.53,0.1473,19.34,0.2471,0.05746,0.08388,B
0.01842,0.4981,0.005851,0.2569,0.00836,0.08177,0.02314,13.56,0.1962,13.9,0.3065,0.06303,0.1051,B
0.02434,1.01,0.008577,0.243,0.01107,0.06783,0.01641,11.34,0.1927,18.61,0.306,0.06211,0.1049,B
0.02657,1.509,0.006016,0.7576,0.01269,0.08368,0.03482,20.26,0.2095,23.03,0.3689,0.05649,0.09078,M
0.01325,0.9234,0.004477,0.1872,0.007956,0.08025,0.01177,13.64,0.1353,16.34,0.2346,0.05953,0.07685,B
0.01898,0.6612,0.00647,0.3242,0.01103,0.0651,0.01248,13.64,0.1717,15.6,0.253,0.0566,0.09423,B
0.01638,1.108,0.004242,0.2254,0.01606,0.08004,0.04639,14.59,0.1454,22.68,0.2258,0.06147,0.08473,B
0.05543,1.324,0.009329,0.5204,0.02283,0.105,0.06559,15.75,0.2375,19.22,0.4245,0.07603,0.1243,M
0.02693,1.312,0.01098,0.3416,0.003934,0.07875,0.01257,9.668,0.168,18.1,0.3057,0.06412,0.08311,B
0.01613,1.142,0.003418,0.1731,0.001852,0.05843,0.002252,13.01,0.1395,22.22,0.2295,0.05234,0.06251,B
0.02773,0.9857,0.009197,0.3147,0.02215,0.09136,0.0547,16.25,0.2151,19.51,0.3318,0.06578,0.1026,M
0.01357,1.428,0.008064,0.2366,0.01037,0.09606,0.01764,10.95,0.1895,21.35,0.2964,0.0687,0.1227,M
0.01592,0.6793,0.007897,0.1267,0.00732,0.1049,0.01762,8.571,0.1678,13.1,0.2983,0.07126,0.1036,B
0.02105,1.961,0.009538,0.3331,0.02041,0.1067,0.0494,15.46,0.1807,23.95,0.3013,0.07083,0.1183,M
0.0221,1.342,0.009719,0.2137,0.007527,0.0738,0.01249,9.876,0.1934,17.27,0.2989,0.06285,0.1089,B
0.01852,1.331,0.007269,0.647,0.01639,0.1019,0.02928,15.49,0.1929,19.97,0.3187,0.06744,0.116,M
0.01623,0.9951,0.005654,0.4709,0.01499,0.07787,0.02199,19.4,0.1893,18.18,0.359,0.05892,0.1037,M
0.02837,1.2,0.01093,0.5381,0.01506,0.07431,0.02899,8.878,0.193,15.49,0.2434,0.06621,0.08293,B
0.01869,1.265,0.005421,0.3639,0.01384,0.07053,0.03477,12.8,0.1574,17.46,0.1988,0.0575,0.08044,B
0.01365,0.6342,0.004649,0.5959,0.01267,0.0895,0.018,19.45,0.1776,19.33,0.3379,0.05647,0.1035,M
0.0132,0.7959,0.006272,0.1811,0.009894,0.08839,0.02198,12.22,0.2124,20.04,0.2709,0.06894,0.1096,B
0.01756,0.7813,0.01149,0.7572,0.01885,0.07678,0.02461,20.29,0.1809,14.34,0.2364,0.05883,0.1003,M
0.01936,1.199,0.006356,0.8426,0.01519,0.1005,0.04765,19.55,0.1893,28.77,0.2818,0.06232,0.0926,M
0.01322,1.583,0.009501,0.1507,0.01346,0.08278,0.03378,10.96,0.1619,17.62,0.2289,0.06408,0.09687,B
0.01499,0.8749,0.006965,0.253,0.02234,0.1155,0.06213,14.9,0.2041,22.53,0.2866,0.06898,0.09947,M
0.01465,1.29,0.005872,0.4565,0.009921,0.07397,0.01488,13.61,0.1609,24.98,0.2651,0.05871,0.09488,M
0.01502,0.9027,0.006513,0.1913,0.004972,0.08269,0.008061,10.44,0.1788,15.46,0.2615,0.0645,0.1053,B
0.01816,1.169,0.005273,0.4426,0.01244,0.08893,0.02329,12.88,0.1709,18.22,0.2582,0.07253,0.1218,B
0.02175,1.667,0.03113,0.5296,0.03927,0.06818,0.08555,17.42,0.1308,25.56,0.1603,0.05866,0.1006,M
0.01942,1.247,0.006836,0.5079,0.006565,0.08136,0.008982,9.436,0.1506,18.32,0.2454,0.06959,0.1009,B
0.0152,1.147,0.006003,0.4697,0.009443,0.07371,0.01063,13.43,0.1598,19.63,0.2884,0.05671,0.09048,M
0.01651,0.5391,0.006153,0.2315,0.006884,0.08756,0.0133,11.6,0.162,12.84,0.2772,0.06582,0.08983,B
0.02625,0.7636,0.008725,0.2094,0.01132,0.09584,0.02003,12.95,0.173,16.02,0.338,0.0647,0.1005,B
0.01939,1.194,0.00596,0.2563,0.01435,0.1059,0.03438,13.86,0.2106,16.93,0.363,0.06916,0.1026,M
0.03357,2.067,0.01193,0.3582,0.009259,0.07712,0.03162,8.598,0.1828,20.98,0.2972,0.06757,0.1243,B
0.015,0.6372,0.003958,0.2387,0.008747,0.07012,0.01246,16.14,0.1735,14.86,0.2778,0.05875,0.09495,B
0.01743,0.8937,0.006532,0.2871,0.01215,0.1179,0.02336,13.17,0.2128,18.66,0.39,0.06777,0.1158,M
0.02102,1.398,0.008268,0.6009,0.01112,0.08482,0.03082,17.02,0.2248,23.98,0.353,0.06382,0.1197,M
0.02018,1.213,0.008198,1.37,0.02139,0.1048,0.03889,15.5,0.2085,21.08,0.3003,0.06864,0.112,M
0.0203,1.916,0.005436,0.338,0.009919,0.07024,0.02406,13.59,0.1635,21.84,0.2446,0.05859,0.07956,B
0.01466,0.9097,0.004729,0.2335,0.003951,0.07037,0.006887,12.03,0.1382,17.93,0.2171,0.0607,0.07683,B
0.01503,1.326,0.007514,0.3534,0.0114,0.08174,0.01779,12.23,0.1979,19.56,0.2668,0.06013,0.09586,B
0.01492,1.202,0.006001,0.5959,0.009148,0.0761,0.01422,18.45,0.1692,21.91,0.3109,0.05727,0.0943,M
0.02293,1.849,0.01075,0.8529,0.01911,0.07421,0.02722,18.61,0.1697,20.25,0.2341,0.05699,0.0944,M
0.01843,1.166,0.004957,0.2034,0.008038,0.0918,0.02114,11.49,0.1779,14.59,0.2941,0.06574,0.1046,B
0.01177,0.679,0.005532,0.2959,0.01384,0.09061,0.02008,17.05,0.2131,19.08,0.3109,0.06325,0.1141,M
0.01282,1.033,0.005043,0.3977,0.008185,0.07999,0.01578,20.31,0.1814,27.06,0.3151,0.05572,0.1,M
0.01818,0.5417,0.005212,0.1402,0.008356,0.09638,0.02984,13.66,0.1792,15.15,0.3387,0.05897,0.08268,B
0.03418,1.905,0.01574,0.4866,0.03487,0.07009,0.08262,11.26,0.2595,19.96,0.2955,0.06233,0.0802,B
0.01713,0.6457,0.006131,0.2253,0.008231,0.09464,0.01263,12.7,0.1583,12.17,0.2775,0.06275,0.08785,B
0.01686,1.048,0.004057,0.7364,0.01303,0.09223,0.02277,19.59,0.2027,18.15,0.3643,0.06082,0.112,M
0.01865,2.079,0.01582,0.5169,0.0,0.08865,0.01966,8.734,0.1985,16.84,0.2445,0.07098,0.1039,B
0.01559,0.9225,0.006176,0.5449,0.01046,0.07863,0.01877,18.31,0.186,20.58,0.3074,0.05941,0.1068,M
0.05168,1.452,0.01,1.296,0.02801,0.07147,0.0348,14.95,0.1957,17.57,0.3414,0.06216,0.1167,M
0.017,1.268,0.009407,0.7036,0.01848,0.1132,0.07056,14.25,0.1949,22.15,0.2844,0.07292,0.1049,M
0.01647,1.38,0.007499,0.2367,0.00892,0.08067,0.01202,12.77,0.1585,22.47,0.2829,0.06065,0.09055,M
0.02353,1.068,0.009006,0.4309,0.02258,0.07779,0.04185,15.1,0.2001,16.39,0.259,0.06467,0.115,B
0.01897,1.367,0.008835,0.2409,0.009305,0.06484,0.01233,12.77,0.1539,29.43,0.2407,0.05637,0.08276,B
0.02143,1.002,0.005731,0.3063,0.01226,0.1072,0.03502,13.0,0.235,21.82,0.4378,0.07389,0.1273,M
0.01416,1.081,0.006692,0.2571,0.006627,0.07083,0.01132,14.11,0.1373,12.88,0.21,0.057,0.09309,B
0.01953,0.7395,0.009536,0.3446,0.01121,0.07806,0.01097,11.71,0.2009,15.45,0.2765,0.06506,0.115,B
0.01635,1.178,0.007781,0.4255,0.0129,0.1031,0.02648,12.68,0.1905,23.84,0.3383,0.0659,0.1122,M
0.01884,1.161,0.006056,1.111,0.01733,0.09929,0.03203,19.53,0.1792,18.9,0.2968,0.06552,0.115,M
0.01961,1.169,0.006429,0.2121,0.01628,0.1431,0.05936,13.73,0.2069,22.61,0.3596,0.07682,0.1131,M
0.01778,1.4,0.009037,0.8113,0.01841,0.07738,0.04954,17.68,0.1971,20.74,0.2463,0.06166,0.1115,M
0.0138,0.8265,0.00328,0.2385,0.006881,0.07146,0.01102,13.44,0.1784,21.58,0.2994,0.05587,0.08162,M
0.01738,1.027,0.007405,0.2114,0.01339,0.1403,0.04549,11.08,0.2196,18.83,0.4154,0.0795,0.1216,M
0.01897,0.7655,0.006905,0.2451,0.01185,0.07097,0.008704,11.71,0.1516,17.19,0.2572,0.06095,0.09774,B
0.02869,1.486,0.01039,0.3276,0.007895,0.07028,0.01003,12.46,0.1613,12.83,0.228,0.06013,0.07372,B
0.02793,1.563,0.008872,0.2963,0.01785,0.08365,0.04192,11.89,0.1967,18.35,0.3397,0.06314,0.09363,B
0.02578,1.781,0.005888,0.3342,0.01075,0.06896,0.0231,12.27,0.1966,17.92,0.3455,0.05597,0.08685,B
0.01528,0.9195,0.004235,0.2479,0.01043,0.06912,0.01541,13.85,0.211,15.18,0.2955,0.05853,0.09516,B
0.01996,0.6329,0.00721,0.2273,0.008,0.07408,0.00838,11.94,0.1868,18.24,0.2785,0.0611,0.08261,B
0.01487,1.083,0.0042,0.1344,0.004065,0.07613,0.0059,11.26,0.1637,19.83,0.2557,0.06343,0.08511,B
0.02168,1.53,0.007548,0.6422,0.01816,0.0987,0.03897,18.77,0.1953,21.43,0.3679,0.06083,0.09116,M
0.0159,0.9635,0.006428,1.058,0.01716,0.08677,0.02863,23.21,0.1909,26.97,0.3103,0.06309,0.09509,M
0.02294,0.8554,0.005038,0.5858,0.01123,0.06469,0.01503,17.01,0.2026,20.26,0.3275,0.05223,0.08772,M
0.04783,1.476,0.01345,2.873,0.01407,0.05525,0.02772,28.11,0.1648,18.47,0.1648,0.05525,0.1142,M
0.02154,0.6946,0.004348,0.2191,0.006829,0.06794,0.008153,13.77,0.1592,13.27,0.2823,0.05912,0.09198,B
0.0156,1.978,0.01288,0.2957,0.01766,0.0997,0.03495,11.69,0.2131,24.44,0.2803,0.07405,0.1236,B
0.02292,0.8429,0.00638,0.3927,0.009175,0.06487,0.01065,11.5,0.1834,18.45,0.274,0.05934,0.09345,B
0.0208,1.492,0.007256,0.3645,0.01626,0.08321,0.02678,14.05,0.1537,27.15,0.225,0.06171,0.09929,B
0.01697,1.306,0.00765,2.547,0.02598,0.07427,0.05374,27.42,0.2061,26.27,0.2641,0.05623,0.1084,M
0.01564,1.924,0.005841,0.3408,0.009128,0.07675,0.01246,13.38,0.1375,30.72,0.2196,0.06016,0.09245,B
0.01318,1.075,0.005903,0.4564,0.01557,0.0782,0.03731,16.6,0.159,28.08,0.2218,0.05648,0.08455,M
0.01791,1.563,0.008875,0.1485,0.009199,0.07842,0.009362,10.49,0.1482,18.61,0.2213,0.066,0.1068,B
0.02216,0.6724,0.006583,0.3534,0.006296,0.06825,0.006991,11.66,0.1671,17.07,0.2731,0.05731,0.07561,B
0.02728,1.489,0.008902,0.3198,0.01745,0.08701,0.04785,10.71,0.1668,20.39,0.2605,0.06862,0.1082,B
0.01285,0.9462,0.003245,0.2431,0.009233,0.0696,0.008186,13.7,0.1732,17.64,0.2518,0.06088,0.0995,B
0.02094,1.204,0.00832,0.2623,0.01665,0.08251,0.02025,11.99,0.182,24.89,0.2599,0.0685,0.103,B
0.01594,0.8282,0.00609,0.3971,0.01345,0.07867,0.02569,17.54,0.1506,19.32,0.2928,0.05491,0.08968,M
0.03156,0.6336,0.009406,1.0,0.02794,0.06251,0.03055,19.19,0.1741,15.94,0.2443,0.05176,0.08694,M
0.01719,0.8249,0.005072,0.3704,0.00956,0.1027,0.02147,13.28,0.1974,20.28,0.3739,0.06782,0.1041,M
0.0256,1.922,0.00468,0.3567,0.01071,0.07809,0.0312,10.2,0.1964,17.48,0.2868,0.06315,0.08054,B
0.01096,1.045,0.006175,0.2522,0.005832,0.07262,0.01204,11.93,0.1601,10.91,0.246,0.05541,0.08872,B
0.05113,2.11,0.00797,0.286,0.01666,0.1446,0.1354,14.22,0.2384,23.12,0.5166,0.07542,0.1075,M
0.0161,1.018,0.004107,0.3478,0.0135,0.07858,0.03288,14.2,0.1506,20.53,0.2534,0.06009,0.08931,B
0.01422,0.8285,0.004148,0.3975,0.004821,0.0658,0.004711,13.05,0.1453,13.84,0.2107,0.05518,0.08352,B
0.009947,1.278,0.005345,0.2419,0.01022,0.1204,0.02556,15.53,0.2091,33.56,0.3512,0.0665,0.1063,M
0.01547,0.9238,0.007162,0.3908,0.01388,0.1405,0.02912,13.11,0.1925,15.56,0.3147,0.07692,0.1398,M
0.02768,2.836,0.01124,0.6107,0.03441,0.07602,0.04097,19.55,0.1989,23.21,0.2576,0.05884,0.101,M
0.01389,0.7339,0.005225,0.5435,0.0134,0.08902,0.01308,20.57,0.1812,17.77,0.275,0.05667,0.08474,M
0.01962,0.504,0.007327,0.2513,0.007986,0.08052,0.01153,12.07,0.1657,13.44,0.2781,0.06608,0.11,B
0.01816,2.174,0.01037,0.3251,0.007506,0.08851,0.01706,11.45,0.1842,20.97,0.2762,0.07005,0.1102,B
0.01523,0.3621,0.005472,0.2711,0.00826,0.0974,0.01919,15.12,0.1594,16.68,0.3415,0.05986,0.08876,M
0.01703,0.6857,0.004185,0.334,0.009067,0.1233,0.02868,16.13,0.1998,17.88,0.427,0.06515,0.104,M
0.01344,0.4706,0.007394,0.2067,0.01431,0.0723,0.01203,16.3,0.1711,15.7,0.23,0.05657,0.09427,B
0.01844,1.621,0.006543,0.3077,0.01045,0.07662,0.02148,10.8,0.2016,21.98,0.2965,0.05977,0.08801,B
0.01608,0.6674,0.003888,0.1692,0.006888,0.0733,0.008539,12.62,0.1799,17.15,0.327,0.05826,0.08583,B
0.0371,1.892,0.008439,0.9761,0.02536,0.07632,0.04674,20.2,0.1875,26.83,0.3271,0.0602,0.09905,M
0.02471,0.8413,0.009882,0.3129,0.01763,0.06828,0.02444,15.37,0.1717,22.76,0.2556,0.06097,0.092,M
0.01479,0.9245,0.006292,1.009,0.01301,0.07738,0.01971,23.51,0.1797,24.27,0.2593,0.05506,0.1069,M
0.03675,2.509,0.01736,0.338,0.01296,0.08488,0.04671,10.26,0.1633,14.71,0.2434,0.07005,0.09882,B
0.0172,0.6745,0.003265,0.1153,0.003762,0.06783,0.00493,12.42,0.1546,15.04,0.2901,0.05754,0.07926,B
0.02981,1.078,0.009769,0.4033,0.01992,0.06287,0.03126,15.85,0.1847,23.95,0.2809,0.05338,0.08401,M
0.01393,0.7151,0.004928,0.1716,0.00339,0.06174,0.003012,12.49,0.1215,16.85,0.1917,0.05673,0.08511,B
0.01647,0.6218,0.003728,0.2541,0.007016,0.06623,0.01415,13.88,0.1607,16.16,0.2542,0.05474,0.07026,B
0.01798,1.409,0.0138,0.2684,0.009472,0.08175,0.01067,9.742,0.2081,15.67,0.2841,0.06312,0.09037,B
0.01254,0.4064,0.007809,0.1728,0.005344,0.07699,0.009816,10.8,0.1381,9.71,0.209,0.064,0.09594,B
0.02057,1.026,0.006399,0.9622,0.02624,0.09873,0.0431,20.92,0.2149,25.09,0.2929,0.06879,0.1099,M
0.01175,0.3871,0.006034,0.163,0.01067,0.08181,0.0182,15.73,0.1784,11.28,0.2557,0.06259,0.1043,B
0.01695,1.36,0.008412,0.2116,0.00762,0.07242,0.02153,12.88,0.1566,28.92,0.2372,0.05708,0.08123,B
0.02542,1.093,0.009783,0.4076,0.02188,0.1252,0.04542,9.268,0.2378,12.87,0.3038,0.09502,0.1634,B
0.02598,1.057,0.004351,0.4347,0.01007,0.06321,0.02667,13.75,0.1773,23.77,0.2663,0.05429,0.08043,B
0.02025,0.8355,0.005996,0.2382,0.006433,0.06306,0.02212,12.3,0.1667,15.9,0.2482,0.05474,0.0808,B
0.01601,0.4875,0.004873,0.1499,0.00836,0.07802,0.01796,12.83,0.1705,15.73,0.3006,0.05913,0.0904,B
0.0226,0.6417,0.006982,0.1924,0.01528,0.09879,0.03916,11.74,0.1499,14.69,0.2604,0.06758,0.08099,B
0.0219,1.214,0.007491,0.404,0.004167,0.06289,0.008593,13.05,0.1819,19.31,0.2439,0.05501,0.0806,B
0.01212,0.538,0.004474,0.1482,0.006691,0.108,0.03093,10.88,0.1861,15.62,0.2581,0.06837,0.1007,B
0.01467,0.78,0.008482,0.7661,0.01971,0.1297,0.05057,19.73,0.1733,19.82,0.2749,0.06697,0.1062,M
0.02027,0.9768,0.009606,0.2773,0.01421,0.07773,0.01432,9.504,0.1815,12.44,0.245,0.06905,0.1024,B
0.02032,0.3602,0.004124,0.1312,0.004667,0.07434,0.0134,11.54,0.1833,10.72,0.339,0.061,0.08597,B
0.01574,1.687,0.006588,0.1781,0.006104,0.07211,0.0127,9.755,0.1621,28.2,0.2321,0.05952,0.07984,B
0.03397,1.693,0.009433,0.5018,0.01152,0.07987,0.02405,11.75,0.1993,20.18,0.3168,0.06453,0.1089,B
0.02358,1.28,0.008426,0.2375,0.003333,0.06386,0.008998,11.33,0.1954,14.16,0.2758,0.05821,0.09379,B
0.03373,1.748,0.004571,0.7311,0.01757,0.06871,0.0179,12.77,0.1694,21.41,0.2179,0.06287,0.08749,B
0.0174,1.627,0.008312,0.4157,0.01576,0.06836,0.01742,14.6,0.1627,23.29,0.2477,0.05416,0.08682,M
0.01906,1.336,0.004449,0.3186,0.01196,0.09251,0.02808,14.99,0.1944,22.11,0.3163,0.05913,0.08515,B
0.01302,1.046,0.004369,0.4834,0.007437,0.05871,0.008274,17.85,0.122,13.23,0.1783,0.05243,0.07838,B
0.03756,2.284,0.004756,0.6226,0.01806,0.07918,0.03368,19.68,0.2082,21.68,0.4045,0.05715,0.09797,M
0.0148,0.6864,0.003338,0.2244,0.003242,0.06192,0.003746,13.5,0.1365,12.71,0.2267,0.05335,0.07376,B
0.02662,0.8163,0.006773,0.2005,0.008094,0.09241,0.02456,12.19,0.188,13.29,0.3469,0.06471,0.1066,B
0.01462,1.851,0.008005,0.2895,0.01424,0.09353,0.02895,14.42,0.1879,19.77,0.2718,0.0639,0.09752,M
0.01675,1.309,0.004426,0.3414,0.01343,0.08666,0.02675,21.37,0.1973,15.1,0.273,0.06183,0.1001,M
0.01964,0.6636,0.003872,0.5495,0.012,0.09288,0.01842,19.02,0.1953,24.59,0.3956,0.05629,0.09029,M
0.01215,1.232,0.006054,0.2621,0.006336,0.06291,0.008974,13.0,0.1667,25.13,0.2306,0.05449,0.08369,B
0.01467,0.7476,0.005839,0.3371,0.01459,0.09124,0.03245,16.03,0.1782,15.51,0.3019,0.05976,0.09491,M
0.04499,1.845,0.01088,0.4207,0.01627,0.1026,0.0371,14.19,0.2235,23.81,0.4724,0.06433,0.09463,M
0.01561,0.7884,0.007295,0.3152,0.01254,0.08174,0.03179,13.14,0.1562,20.74,0.2563,0.0602,0.08675,B
0.02045,1.581,0.008102,0.7128,0.01601,0.08456,0.02101,18.66,0.1966,17.12,0.2894,0.06213,0.1054,M
0.01678,0.7477,0.004097,0.1852,0.00649,0.08183,0.01898,13.08,0.1967,15.71,0.3184,0.06811,0.1075,B
0.02541,0.8522,0.01721,0.5262,0.01766,0.1084,0.09368,8.888,0.1902,14.64,0.2254,0.0898,0.09783,B
0.01565,1.657,0.00854,0.306,0.01398,0.09097,0.0231,11.64,0.1801,18.33,0.2806,0.0652,0.1142,B
0.01536,0.7198,0.003492,0.1302,0.003608,0.0612,0.00371,14.29,0.1508,16.82,0.2458,0.05376,0.06429,B
0.01223,0.9533,0.005314,0.2208,0.009567,0.1055,0.01791,13.98,0.1669,19.62,0.3179,0.06544,0.106,M
0.01447,1.571,0.00508,0.1924,0.006797,0.06878,0.006098,12.18,0.1739,20.52,0.2694,0.05677,0.08013,B
